{
  "project_info": {
    "project_number": "150519391447",
    "project_id": "subsuelo3d-pastor",
    "storage_bucket": "subsuelo3d-pastor.appspot.com"
  },
  "client": [
    {
      "client_info": {
        "mobilesdk_app_id": "1:150519391447:android:e76f6a21dc2f3c4e9dfc92",
        "android_client_info": {
          "package_name": "io.subsuelo3d.pastor"
        }
      },
      "oauth_client": [
        {
          "client_id": "150519391447-6i4ujaqpqvg0f3uq0ekoct2a4705nglf.apps.googleusercontent.com",
          "client_type": 1,
          "android_info": {
            "package_name": "io.subsuelo3d.pastor",
            "certificate_hash": "66c1f55103eaf961adcf742af8b90e0b247ab197"
          }
        },
        {
          "client_id": "150519391447-gsgrmbhlaq57uh3dd2hnm1lnoa42dec2.apps.googleusercontent.com",
          "client_type": 3
        }
      ],
      "api_key": [
        {
          "current_key": "AIzaSyCYmbGzr4gt6DQ-3T1UnEGUJbunK-zsoN8"
        }
      ],
      "services": {
        "appinvite_service": {
          "other_platform_oauth_client": [
            {
              "client_id": "150519391447-gsgrmbhlaq57uh3dd2hnm1lnoa42dec2.apps.googleusercontent.com",
              "client_type": 3
            }
          ]
        }
      }
    }
  ],
  "configuration_version": "1"
}